,city,region,region_code,country,country_code,continent,continent_code,latitude,longitude,viewCount
1580391487,City of Brussels,Brussels-Capital,BE.BRU,Belgium,BE,Europe,EU,50.8467,4.35257,1078564
1296555442,Ghent,Flanders,BE.VLG,Belgium,BE,Europe,EU,51.04606,3.72825,216187
1667999005,Schaerbeek - Schaarbeek,Brussels-Capital,BE.BRU,Belgium,BE,Europe,EU,50.86763,4.38893,31790
1562831720,Rochehaut,Wallonia,BE.WAL,Belgium,BE,Europe,EU,49.8399,5.00416,154947
1335109158,Leuven,Flanders,BE.VLG,Belgium,BE,Europe,EU,50.88276,4.70626,176527
1583106144,Bullingen,Wallonia,BE.WAL,Belgium,BE,Europe,EU,50.33178,6.33463,56796
1736585384,City of Brussels,Brussels-Capital,BE.BRU,Belgium,BE,Europe,EU,50.84425,4.3673,2492
1532853294,Genk,Flanders,BE.VLG,Belgium,BE,Europe,EU,51.01486,5.52565,32199
1503755698,Grimbergen,Flanders,BE.VLG,Belgium,BE,Europe,EU,50.94868,4.39502,155816
1419604218,Waimes,Wallonia,BE.WAL,Belgium,BE,Europe,EU,50.49353,6.1003,220047
1671109618,Waimes,Wallonia,BE.WAL,Belgium,BE,Europe,EU,50.51088,6.07615,17385
1611844461,Vielsalm,Wallonia,BE.WAL,Belgium,BE,Europe,EU,50.25405,5.7354,57941
1296578281,Antwerp,Flanders,BE.VLG,Belgium,BE,Europe,EU,51.24067,4.39869,210428
1670859703,Bullingen,Wallonia,BE.WAL,Belgium,BE,Europe,EU,50.38011,6.34238,12914
1354824758,Poperinge,Flanders,BE.VLG,Belgium,BE,Europe,EU,50.85562,2.72671,104467
1215958700,Kampenhout,Flanders,BE.VLG,Belgium,BE,Europe,EU,50.94147,4.56651,102428
1622290661,Floreffe,Wallonia,BE.WAL,Belgium,BE,Europe,EU,50.45498,4.76685,23205
1564239332,Middelkerke,Flanders,BE.VLG,Belgium,BE,Europe,EU,51.18771,2.81401,54679
1609417481,Beersel,Flanders,BE.VLG,Belgium,BE,Europe,EU,50.76225,4.30316,41858
1581361459,Waimes,Wallonia,BE.WAL,Belgium,BE,Europe,EU,50.51089,6.07321,71273
1683105874,Koksijde,Flanders,BE.VLG,Belgium,BE,Europe,EU,51.1236,2.64829,10504
1670322143,Namur,Wallonia,BE.WAL,Belgium,BE,Europe,EU,50.48506,4.90318,4461
1622361625,Melle,Flanders,BE.VLG,Belgium,BE,Europe,EU,51.00029,3.79652,28213
1317633173,Ottignies,Wallonia,BE.WAL,Belgium,BE,Europe,EU,50.65797,4.57452,46335
1665441532,Trois-Ponts,Wallonia,BE.WAL,Belgium,BE,Europe,EU,50.36014,5.90923,19333
1697030807,Grace-Hollogne,Wallonia,BE.WAL,Belgium,BE,Europe,EU,50.644,5.46567,11678
1669893086,Boom,Flanders,BE.VLG,Belgium,BE,Europe,EU,51.09328,4.38107,12664
1629028829,Koksijde-Bad,Flanders,BE.VLG,Belgium,BE,Europe,EU,51.1,2.6,14667
1623586260,Antwerp,Flanders,BE.VLG,Belgium,BE,Europe,EU,51.2,4.5,15066
1183494194,De Panne,Flanders,BE.VLG,Belgium,BE,Europe,EU,51.10385,2.59071,645343
1182187060,Kortrijk,Flanders,BE.VLG,Belgium,BE,Europe,EU,50.82754,3.26778,200465
1638787041,Waregem,Flanders,BE.VLG,Belgium,BE,Europe,EU,50.88288,3.43274,18741
1638364048,Bullingen,Wallonia,BE.WAL,Belgium,BE,Europe,EU,50.42355,6.2612,7749
1610903932,Butgenbach,Wallonia,BE.WAL,Belgium,BE,Europe,EU,50.42752,6.21547,41228
1609080005,Wortegem-Petegem,Flanders,BE.VLG,Belgium,BE,Europe,EU,50.84844,3.50604,20228
1487025435,Enghien,Wallonia,BE.WAL,Belgium,BE,Europe,EU,50.68373,4.03284,24587
1219229914,Waregem,Flanders,BE.VLG,Belgium,BE,Europe,EU,50.88661,3.43212,91319
1690829292,Amel,Wallonia,BE.WAL,Belgium,BE,Europe,EU,50.34673,6.17092,10544
1646863584,Butgenbach,Wallonia,BE.WAL,Belgium,BE,Europe,EU,50.42704,6.21614,11002
1626382629,Bredene,Flanders,BE.VLG,Belgium,BE,Europe,EU,51.23803,2.97652,20405
1544888167,Balen,Flanders,BE.VLG,Belgium,BE,Europe,EU,51.18089,5.22264,37560
1704709645,Bullingen,Wallonia,BE.WAL,Belgium,BE,Europe,EU,50.38029,6.34209,3383
1649963539,Wevelgem,Flanders,BE.VLG,Belgium,BE,Europe,EU,50.85145,3.14763,13928
1622572542,Mettet,Wallonia,BE.WAL,Belgium,BE,Europe,EU,50.3019,4.65234,18883
1577992890,Malmedy,Wallonia,BE.WAL,Belgium,BE,Europe,EU,50.45911,6.07998,92182
1560336232,Hannut,Wallonia,BE.WAL,Belgium,BE,Europe,EU,50.7065,5.06983,30087
1397508900,Witry,Wallonia,BE.WAL,Belgium,BE,Europe,EU,49.85416,5.59024,59003
1391950651,Goe,Wallonia,BE.WAL,Belgium,BE,Europe,EU,50.60746,5.96221,66304
1349694601,Bullingen,Wallonia,BE.WAL,Belgium,BE,Europe,EU,50.41425,6.27569,101766
1183493286,Knokke-Heist,Flanders,BE.VLG,Belgium,BE,Europe,EU,51.34423,3.25899,256658
1683032999,Koksijde,Flanders,BE.VLG,Belgium,BE,Europe,EU,51.12087,2.63319,5709
1638366226,Butgenbach,Wallonia,BE.WAL,Belgium,BE,Europe,EU,50.42704,6.21613,15199
1611232315,Sprimont,Wallonia,BE.WAL,Belgium,BE,Europe,EU,50.53118,5.61039,50340
1451952144,Huy,Wallonia,BE.WAL,Belgium,BE,Europe,EU,50.53596,5.24846,9422
1377676358,Bilzen,Flanders,BE.VLG,Belgium,BE,Europe,EU,50.92486,5.46638,30458
1736436044,Houyet,Wallonia,BE.WAL,Belgium,BE,Europe,EU,50.23126,5.00583,244
1677849044,Yvoir,Wallonia,BE.WAL,Belgium,BE,Europe,EU,50.33802,4.96283,6876
1642667140,Evergem,Flanders,BE.VLG,Belgium,BE,Europe,EU,51.15709,3.74472,19434
1630869609,Soignies,Wallonia,BE.WAL,Belgium,BE,Europe,EU,50.56617,4.03836,11603
1566888489,Pin,Wallonia,BE.WAL,Belgium,BE,Europe,EU,49.68726,5.37043,28960
1565975114,Sterpenich,Wallonia,BE.WAL,Belgium,BE,Europe,EU,49.66245,5.8878,13587
1728116318,De Panne,Flanders,BE.VLG,Belgium,BE,Europe,EU,51.09776,2.57164,808
1671216228,Neufchateau,Wallonia,BE.WAL,Belgium,BE,Europe,EU,49.84229,5.43168,5947
1632980371,Nieuwpoort,Flanders,BE.VLG,Belgium,BE,Europe,EU,51.13883,2.74628,40812
1623586256,Antwerp,Flanders,BE.VLG,Belgium,BE,Europe,EU,51.2,4.5,10652
1623586249,Antwerp,Flanders,BE.VLG,Belgium,BE,Europe,EU,51.2,4.5,10655
1591992330,Beerse,Flanders,BE.VLG,Belgium,BE,Europe,EU,51.31586,4.8239,21090
1394391845,Lobbes,Wallonia,BE.WAL,Belgium,BE,Europe,EU,50.35069,4.26553,47263
1687380924,Houyet,Wallonia,BE.WAL,Belgium,BE,Europe,EU,50.211,4.96395,5096
1683105708,Koksijde,Flanders,BE.VLG,Belgium,BE,Europe,EU,51.10977,2.60629,4240
1683104633,Koksijde,Flanders,BE.VLG,Belgium,BE,Europe,EU,51.13271,2.6714,5394
1649592911,Wevelgem,Flanders,BE.VLG,Belgium,BE,Europe,EU,50.84916,3.14797,11078
1648483886,Statiekwartier,Flanders,BE.VLG,Belgium,BE,Europe,EU,51.2167,4.4167,19016
1621009319,Courcelles,Wallonia,BE.WAL,Belgium,BE,Europe,EU,50.47256,4.34099,11497
1601635690,De Haan,Flanders,BE.VLG,Belgium,BE,Europe,EU,51.28203,3.03868,20726
1587300182,Bullingen,Wallonia,BE.WAL,Belgium,BE,Europe,EU,50.42353,6.26109,50259
1585820141,Verviers,Wallonia,BE.WAL,Belgium,BE,Europe,EU,50.55323,5.85622,22032
1578743945,Eghezee,Wallonia,BE.WAL,Belgium,BE,Europe,EU,50.57918,4.79081,20715
1572626413,Verviers,Wallonia,BE.WAL,Belgium,BE,Europe,EU,50.55322,5.85622,32357
1566888834,Andenne,Wallonia,BE.WAL,Belgium,BE,Europe,EU,50.49481,5.1123,34066
1454642382,Lathuy,Wallonia,BE.WAL,Belgium,BE,Europe,EU,50.72461,4.82617,15036
1408354475,Bougnies,Wallonia,BE.WAL,Belgium,BE,Europe,EU,50.38712,3.94135,22752
1327185362,Godarville,Wallonia,BE.WAL,Belgium,BE,Europe,EU,50.49394,4.2834,45882
1183493206,Knokke-Heist,Flanders,BE.VLG,Belgium,BE,Europe,EU,51.36093,3.32661,330947
1731331608,Vise,Wallonia,BE.WAL,Belgium,BE,Europe,EU,50.69824,5.68555,2098
1722348311,Waregem,Flanders,BE.VLG,Belgium,BE,Europe,EU,50.88392,3.4343,1503
1631432457,Koksijde,Flanders,BE.VLG,Belgium,BE,Europe,EU,51.14142,2.69429,19856
1629028834,Koksijde-Bad,Flanders,BE.VLG,Belgium,BE,Europe,EU,51.1,2.6,7126
1629028832,Koksijde-Bad,Flanders,BE.VLG,Belgium,BE,Europe,EU,51.1,2.6,6764
1622626516,Beloeil,Wallonia,BE.WAL,Belgium,BE,Europe,EU,50.51871,3.68016,16487
1593343350,Knokke-Heist,Flanders,BE.VLG,Belgium,BE,Europe,EU,51.34373,3.25451,19362
1454667016,De Panne,Flanders,BE.VLG,Belgium,BE,Europe,EU,51.09853,2.57483,23643
1732045700,Sprimont,Wallonia,BE.WAL,Belgium,BE,Europe,EU,50.53099,5.60996,1549
1629028831,Koksijde-Bad,Flanders,BE.VLG,Belgium,BE,Europe,EU,51.1,2.6,6794
1609714626,Libramont-Chevigny,Wallonia,BE.WAL,Belgium,BE,Europe,EU,49.92716,5.48545,15054
1461870219,Westende-Bad,Flanders,BE.VLG,Belgium,BE,Europe,EU,51.16758,2.7663,62892
1187876054,Enghien,Wallonia,BE.WAL,Belgium,BE,Europe,EU,50.69529,4.03451,75609
1690634726,Tienen,Flanders,BE.VLG,Belgium,BE,Europe,EU,50.77721,4.95387,3711
1639698956,Waremme,Wallonia,BE.WAL,Belgium,BE,Europe,EU,50.70038,5.2546,10370
1629028827,Koksijde-Bad,Flanders,BE.VLG,Belgium,BE,Europe,EU,51.1,2.6,7385
1623586258,Antwerp,Flanders,BE.VLG,Belgium,BE,Europe,EU,51.2,4.5,9322
1611943176,Tournai,Wallonia,BE.WAL,Belgium,BE,Europe,EU,50.65351,3.38729,18925
1597263050,Houyet,Wallonia,BE.WAL,Belgium,BE,Europe,EU,50.19936,4.9929,16136
1581419246,Bruges,Flanders,BE.VLG,Belgium,BE,Europe,EU,51.32932,3.20391,29390
1247136712,Kalmthout,Flanders,BE.VLG,Belgium,BE,Europe,EU,50.86146,5.0332,45734
1196859128,Cerfontaine,Wallonia,BE.WAL,Belgium,BE,Europe,EU,50.16849,4.40348,140852
1682236026,Harelbeke,Flanders,BE.VLG,Belgium,BE,Europe,EU,50.85777,3.31204,6099
1623586265,Antwerp,Flanders,BE.VLG,Belgium,BE,Europe,EU,51.2,4.5,9081
1617377416,Blankenberge,Flanders,BE.VLG,Belgium,BE,Europe,EU,51.32008,3.14082,43409
1601628310,Harelbeke,Flanders,BE.VLG,Belgium,BE,Europe,EU,50.83943,3.32066,6242
1591269789,Knokke-Heist,Flanders,BE.VLG,Belgium,BE,Europe,EU,51.36037,3.32393,17720
1367662116,Montbliart,Wallonia,BE.WAL,Belgium,BE,Europe,EU,50.14147,4.21841,34256
1660726828,Kortrijk,Flanders,BE.VLG,Belgium,BE,Europe,EU,50.83066,3.26632,9881
1653252284,Knokke-Heist,Flanders,BE.VLG,Belgium,BE,Europe,EU,51.35339,3.28306,9135
1620642193,Hoegaarden,Flanders,BE.VLG,Belgium,BE,Europe,EU,50.78935,4.8286,8329
1597053241,Merksplas,Flanders,BE.VLG,Belgium,BE,Europe,EU,51.35591,4.85523,11303
1451952327,Melin,Wallonia,BE.WAL,Belgium,BE,Europe,EU,50.74004,4.82883,20823
1721477382,Kortenaken,Flanders,BE.VLG,Belgium,BE,Europe,EU,50.8797,5.01092,589
1626292256,Couvin,Wallonia,BE.WAL,Belgium,BE,Europe,EU,50.0924,4.53026,18756
1367668006,Jodoigne,Wallonia,BE.WAL,Belgium,BE,Europe,EU,50.7257,4.8666,17987
